en,hmr
"The words of Amos, who was among the herdsmen of Tekoa, which he saw concerning Israel in the days of Uzziah king of Judah, and in the days of Jeroboam the son of Joash king of Israel, two years before the earthquake.","Juda lal Uzzia inlal lai le Israel lal Joas naupa Jeroboam inlal laia, simkhawleihnuoi inhnîng hma kum hnia, Tekoa ran ruol vêngtuhai laia mi Amos thu Israel chungchâng thu a hmu chu."
"And he said, Jehovah will roar from Zion, and utter his voice from Jerusalem; and the pastures of the shepherds shall mourn, and the top of Carmel shall wither.","Chun, ama chun, “LALPA chu Zion tlânga inthawk chun inrûm hum hum a ta, Jerusalema inthawkin a râwl insuong a ta, berâm vêngtuhai ran tlatna hmunhai chu lungngai an ta, Karmel tlâng sîp chu ṭuoi a tih,” a ta."
"Thus saith Jehovah: For three transgressions of Damascus, yea, for four, I will not turn away the punishment thereof; because they have threshed Gilead with threshing instruments of iron.","LALPAIN hieng ang hin a tih, “Damaska khaw bawsietna pathum leiin, anih, pali leiin, a hremna sukbo naw ning: Gilead ram chu bu râwtna thîrhai chun an râwt leiin;"
"But I will send a fire into the house of Hazael, and it shall devour the palaces of Ben-hadad.","chuleiin, Hazael ina chun mei tir ka ta, Benhadad lal inhai chu kâng vawng a tih."
"And I will break the bar of Damascus, and cut off the inhabitant from the valley of Aven, and him that holdeth the sceptre from the house of Eden; and the people of Syria shall go into captivity unto Kir, saith Jehovah.","Damaska khaw kawtkhâr thîr chu suktliek ka ta, Aven ruoma in- thawka a hluotuhai le Eden ina inthawka lal hmawl chawituhai chu sukbo ka ta; chun, Suria mihai chu Kir ramah salah um an tih,” LALPA- IN a tih."
"Thus saith Jehovah: For three transgressions of Gaza, yea, for four, I will not turn away the punishment thereof; because they carried away captive the whole people, to deliver them up to Edom.","LALPA chun hieng ang hin a tih, “Gaza khaw bawsietna pathum leiin, anih, pali leiin, a hremna suk- bo naw ning; Edom mi kuoma pêk dingin mi po po sala an ṭhuoi leiin;"
"But I will send a fire on the wall of Gaza, and it shall devour the palaces thereof.","chuleiin, Gaza khaw kul chunga chun mei tir ka ta, a lal inhai chu kâng vawng a tih;"
"And I will cut off the inhabitant from Ashdod, and him that holdeth the sceptre from Ashkelon; and I will turn my hand against Ekron; and the remnant of the Philistines shall perish, saith the Lord Jehovah.","chun, Asdod khuoa inthawka hluotuhai le Askelon khuoa inthawka lal hmawl chawituhai chu sukbo- hmang ka tih; chun, Ekron khaw chungah ka kut inlet ka ta, chun, Philistin mi la umhai chu bohmang an tih,” Lalpa PATHIEN chun a tih."
"Thus saith Jehovah: For three transgressions of Tyre, yea, for four, I will not turn away the punishment thereof; because they delivered up the whole people to Edom, and remembered not the brotherly covenant.","LALPAIN hieng ang hin a tih. “Tura khaw bawsietna pathum leiin, anih, pali leiin, a hremna sukbo naw ning; Edom mi kuomah mi po po chu a pêk a, unau thuthlung chu an hriet zing naw leiin;"
"But I will send a fire on the wall of Tyre, and it shall devour the palaces thereof.","chuleiin, Tura khaw kul chung- ah mei tir ka ta, a lal inhai chu kâng vawng a tih,” tiin."
"Thus saith Jehovah: For three transgressions of Edom, yea, for four, I will not turn away the punishment thereof; because he did pursue his brother with the sword, and did cast off all pity, and his anger did tear perpetually, and he kept his wrath for ever.","LALPAIN hieng ang hin a tih, “Edom bawsietna pathum leiin, anih, pali leiin, a hremna sukbo naw ning; a unau chu kâwlhnâm leh a hnawt a, a lunginsietna po po a peihâwn vawng a, a lunginsenna chu a kei- thlêr rawp hlak a, kumkhuoin a lunginsenna chu a vawng zing leiin;"
"But I will send a fire upon Teman, and it shall devour the palaces of Bozrah.","chuleiin, Teman hmun chunga chun mei tir ka ta, Bozra khaw lal inhai chu kâng vawng a tih,” tiin."
"Thus saith Jehovah: For three transgressions of the children of Ammon, yea, for four, I will not turn away the punishment thereof; because they have ripped up the women with child of Gilead, that they may enlarge their border.","LALPAIN hieng ang hin a tih, “Ammon nauhai bawsietna pathum leiin, anih, pali leiin, a hremna sukbo naw ning; an ram an suklien theina dingin, Gilead khaw nuhmei nau vawnhai an phirthlêr leiin;"
"But I will kindle a fire in the wall of Rabbah, and it shall devour the palaces thereof, with shouting in the day of battle, with a tempest in the day of the whirlwind;","chuleiin, Rabba khaw kul chung- ah mei sêm chawk ka ta; chun, indo nia khêk le, thlivir nia thlipui leh, a lal inhai chu kâng vawng a ta;"
"and their king shall go into captivity, he and his princes together, saith Jehovah.","an lal chu salah man an ta, a mi lienhai leh, a ruolin,” LALPA chun a tih."
"Thus saith Jehovah: For three transgressions of Moab, yea, for four, I will not turn away the punishment thereof; because he burned the bones of the king of Edom into lime.","LALPAIN hieng ang hin a tih, “Moab bawsietna pathum leiin, anih, pali leiin, a hremna sukbo naw ning; Edom lal ruhai chu chinai ang hiela a raw leiin,"
"But I will send a fire upon Moab, and it shall devour the palaces of Kerioth; and Moab shall die with tumult, with shouting, and with the sound of the trumpet;","chuleiin, Moab chungah mei tir ka ta, Kerioth lal inhai chu kâng vawng a ta; chun, Moab chu buoina le khêk ri le tawtawrâwt riin thîng a ta,"
"and I will cut off the judge from the midst thereof, and will slay all the princes thereof with him, saith Jehovah.","chu laia rorêltu chu sukbo ka ta, a mi lienhai po po chu, ama leh that ka tih,” LALPA chun a tih."
"Thus saith Jehovah: For three transgressions of Judah, yea, for four, I will not turn away the punishment thereof; because they have rejected the law of Jehovah, and have not kept his statutes, and their lies have caused them to err, after which their fathers did walk.","LALPAIN hieng ang hin a tih, “Juda bawsietna pathum leiin, anih, pali leiin, a hremna sukbo naw ning; LALPA dân chu an pawm nawh a, a thupêkhai chu an vawng nawh a;"
"But I will send a fire upon Judah, and it shall devour the palaces of Jerusalem.","an pahai chîng hlak khêlhrilhai khan anni chu a ṭhuoi hmang leiin; chuleiin, Juda chunga chun mei tir ka ta, Jerusalem khaw lal inhai chu kâng vawng a tih,” tiin."
"Thus saith Jehovah: For three transgressions of Israel, yea, for four, I will not turn away the punishment thereof; because they have sold the righteous for silver, and the needy for a pair of shoes—","LALPAIN hieng ang hin a tih, “Israel bawsietna pathum leiin, anih, pali leiin, a hremna sukbo naw ning; tangka mana mi fel an zawr lei le kekawk bun khat mana mi tlasam an zawr leiin;"
"they that pant after the dust of the earth on the head of the poor, and turn aside the way of the meek: and a man and his father go unto the same maiden, to profane my holy name:","rimsi lu chunga pilvut phul châk ngawi ngawi le, zainêmhai lampui sukkâwipêk hlakhai chu: chun, mi pakhat chu a pa leh nunghâk pakhat kuoma ka hming sukse dingin an fe hmunkhat hlak a!"
and they lay themselves down beside every altar upon clothes taken in pledge; and in the house of their God they drink the wine of such as have been fined.,"mâichâm tin bula puon siekham chunga chun an zâl hlak a, an Pathien ina chun mi an inchawitir manhai chun uoin an dâwn hlak a."
"Yet destroyed I the Amorite before them, whose height was like the height of the cedars, and he was strong as the oaks; yet I destroyed his fruit from above, and his roots from beneath.","“Nisienlakhawm, anni hmaah Amor mihai sidar thing anga insâng le thingsaisuo anga hrât khawm kha ka sukbohmang tah a; a chungtienga a ra le, a hnuoitienga a zung khawm ka sukbo a."
"Also I brought you up out of the land of Egypt, and led you forty years in the wilderness, to possess the land of the Amorite.","Amor mihai ram chu nei dingin Aigupta rama inthawkin ka ṭhuoi suok cheu a, thlalêra khan kum sâwmli sûngin ka ṭhuoi cheu a."
"And I raised up of your sons for prophets, and of your young men for Nazirites. Is it not even thus, O ye children of Israel? saith Jehovah.","Chun, zâwlnei ni dingin in naupasalhai laia mi le Nazirit dâm ni dingin in tlangvâlhai laia mi ka siem a, Aw Israel nauhai, chuong ang chu a ni nâwm a nih?” LALPAIN a tih."
"But ye gave the Nazirites wine to drink, and commanded the prophets, saying, Prophesy not.","“Nisienlakhawm, Nazirit mihai kuomah uoin dâwn ding in pêk a, zâwlneihai kuomah, ‘Thu hril naw ro’, tiin thu in pêk a."
"Behold, I will press you in your place, as a cart presseth that is full of sheaves.","Ngai ta u, buphala sip, tawlailîr ichîl angin in hmuna khan nam ka ti cheu."
And flight shall perish from the swift; and the strong shall not strengthen his force; neither shall the mighty deliver himself;,"Chun, mi tlân hrâthai hrâtna chu bo a ta, mi hrâtin a tha chu sukhrât thei bawk naw ni; mi hrâttak khawm inhum thei naw nih a,"
neither shall he stand that handleth the bow; and he that is swift of foot shall not deliver himself; neither shall he that rideth the horse deliver himself;,thalngul hmangtu khawm chu ngîr thei bawk naw ni; ngalhrât mi khawm inhum thei bawk naw ni; sakawr chung chuong mi khawm inhum thei bawk naw nih;
"and he that is courageous among the mighty shall flee away naked in that day, saith Jehovah.","chu nia chun mi thilthawthei- tak laia mi huoisen khawm chu sa- ruokin tlân hmang a tih,” LALPAIN a tih."
"Hear this word that Jehovah hath spoken against you, O children of Israel, against the whole family which I brought up out of the land of Egypt, saying,","Aw, Israel nauhai, Aigupta rama inthawka ka ṭhuoi suok sûng- kuohai, LALPAIN hienga a sawisêlna cheu hi lo ngai ta u."
You only have I known of all the families of the earth: therefore I will visit upon you all your iniquities.,"“Nangni chau hi khawvêla sûng- kuo po po laia ka hriet in na; chuleiin, in khawhlona po poahai chun hrem ka ti cheu."
"Shall two walk together, except they have agreed?",An inrem chau naw chun mi pahni chu an intlawn ding am a nih?
"Will a lion roar in the forest, when he hath no prey? will a young lion cry out of his den, if he have taken nothing?",Sakeibakneiin ramhnuoia sa a man lai naw chun ân rûm hlak am a nih? Sakeibaknei vânglaiin ieng- khawm a man naw chun a pûka inthawk chun ân rûm hlak am a nih?
"Can a bird fall in a snare upon the earth, where no gin is set for him? shall a snare spring up from the ground, and have taken nothing at all?",A ta dinga tawktar a um naw chun vate chu hnuoia chânga chun a âwk hlak am a nih? Châng chu ieng- khawm âwk loin hnuoia inthawk chun ân chim hlak am a nih?
"Shall the trumpet be blown in a city, and the people not be afraid? shall evil befall a city, and Jehovah hath not done it?",Khawpuiah mi ṭi lo dingin taw- tawrâwt an mût thei am a nih? LALPA thaw lo chun khawpuia chun sietna a tlung thei ding am a nih?
"Surely the Lord Jehovah will do nothing, except he reveal his secret unto his servants the prophets.","Indiktakin Lalpa PATHIEN chun a rawngbâwltu, a zâwlneihai kuoma a thurûk hril loin iengkhawm thaw naw ni."
The lion hath roared; who will not fear? The Lord Jehovah hath spoken; who can but prophesy?,"Sakeibaknei ân rûm a, tuin am ṭi nâwng a ta? Lalpa PATHIEN chun thu a hril a, tuin am hril naw thei an ta?” tiin."
"Publish ye in the palaces at Ashdod, and in the palaces in the land of Egypt, and say, Assemble yourselves upon the mountains of Samaria, and behold what great tumults are therein, and what oppressions in the midst thereof.","Asdod lal inhaia le Aigupta ram lal inhaia chun hril unla, “Samari tlâng chunghaia chun inkhâwm unla, chun, chutaka buoina lientak umhai le nêksâwrna umhai chu en ro."
"For they know not to do right, saith Jehovah, who store up violence and robbery in their palaces.","An lal inahai pâwngnêkna le suomhmangna siekhâwmtuhai chun sukdik dân an thiem si nawh,” LALPAIN a tih a."
"Therefore thus saith the Lord Jehovah: An adversary there shall be, even round about the land; and he shall bring down thy strength from thee, and thy palaces shall be plundered.","Chuleiin, LALPA Pathien chun hieng ang hin a tih, “Ram vêla khawm chun hmêlma um an ta, chun, i hrâtna chu i kuoma inthawk chun la thlâng a ta, i lal inhai la suksieng a tih,” tiin."
"Thus saith Jehovah: As the shepherd rescueth out of the mouth of the lion two legs, or a piece of an ear, so shall the children of Israel be rescued that sit in Samaria in the corner of a couch, and on the silken cushions of a bed.","LALPA chun hieng ang hin a tih. “Berâmpu chun sakeibaknei baua inthawkin ke pahni amanih, nakâwr hlek amanih a sansuok angin, chuong angin Samari khuoa khum kila le khum tuktulungêk puon phan lu- kham chunga Israel nau umhai chu sansuok a tih."
"Hear ye, and testify against the house of Jacob, saith the Lord Jehovah, the God of hosts.","Ngai unla, Jakob sûnghai chunga chun inhriettir ro,” sipaihai Pathien, Lalpa PATHIEN chun a tih."
"For in the day that I shall visit the transgressions of Israel upon him, I will also visit the altars of Beth-el; and the horns of the altar shall be cut off, and fall to the ground.","“Israel bawsietnahai chu ama chunga ka hrem chun, chu nia chun Bethel khuoa mâichâmhai kihai chu tanbawng an ta, hnuoiah tlâng an tih."
"And I will smite the winter-house with the summer-house; and the houses of ivory shall perish, and the great houses shall have an end, saith Jehovah.","Chun, thlasik in le nipui in vaw sieng ka ta, saiha inhai chu bohmang a tih, in ropuihai chun tâwpna nei an tih,” LALPA chun a tih."
"Hear this word, ye kine of Bashan, that are in the mountain of Samaria, that oppress the poor, that crush the needy, that say unto their lords, Bring, and let us drink.","Nangni Basan hmun sebâwngpui, Samari tlâng chunga um, rim- sihai nêksâwr a, tlasamhai nêk a, an lalhai kuomah, “Hung la unla, dâwn ei tiu,” tituhai, hi thu hi lo hre ro."
"The Lord Jehovah hath sworn by his holiness, that, lo, the days shall come upon you, that they shall take you away with hooks, and your residue with fish-hooks.","LALPA Pathien chun ama inthiengna sâlin ṭawng ân khâm a: “Ngai ta u, thîrkuoiin a lâk hmang cheu a, nangni laia a la um sun ngakuoia a lâk hmang ni cheu a hung tlung ding a nih."
"And ye shall go out at the breaches, every one straight before her; and ye shall cast yourselves into Harmon, saith Jehovah.","Chun, bang âwngahai fe suok in ta, mi tin chu tlûntakin fêng an tih, Harmon hmuna chun inpeihâwn in tih,” LALPA chun a tih."
"Come to Beth-el, and transgress; to Gilgal, and multiply transgression; and bring your sacrifices every morning, and your tithes every three days;","“Bethela chun hung unla, bawse ro, Gilgala chun hung unla, bawsiet- na chu sukpung ro; chun, in inthâwi- nahai chu tûk tin hung la unla, in sâwma pakhathai chu ni thum dan peiah hung la ro,"
"and offer a sacrifice of thanksgiving of that which is leavened, and proclaim freewill-offerings and publish them: for this pleaseth you, O ye children of Israel, saith the Lord Jehovah.","chawl ṭhang lâwmthu hrilna in- thâwina chu inhlân unla, mâni nuom- zâwnga inhlânhai chu hril unla, phuong ro; Aw Israel nauhai, hi hi in nuom sih a,” Lalpa PATHIEN chun a tih."
"And I also have given you cleanness of teeth in all your cities, and want of bread in all your places; yet have ye not returned unto me, saith Jehovah.","“Chun, kei khawma in khawpui po pohaia ha faina le in hmun po pohaia tlâksamna ka pêk cheu a, chuong sa khawm chun ka kuomah in hung kîr nawh a,” LALPA chun a tih."
"And I also have withholden the rain from you, when there were yet three months to the harvest; and I caused it to rain upon one city, and caused it not to rain upon another city: one piece was rained upon, and the piece whereupon it rained not withered.","“Chun, bu sîk hun ding thla thum a la ni laiin in chunga ruo sûr ding khawm ka chel a, khawpui pakhat chungah kân sûrtir a, khawpui dang chungah kân sûrtir nawh a; hmun khat chungah a sûr hlak a, a sûr nawna hmun chu a ṭâwl hlak."
"So two or three cities wandered unto one city to drink water, and were not satisfied: yet have ye not returned unto me, saith Jehovah.","Chuongchun, khawpui pahni amanih, pathum amani chu khawpui pakhatah tui dâwn dingin an invâk a, an khawp nawh a, chuong sa khawm chun ka kuomah an hung kîr nawh,” LALPA chun a tih."
"I have smitten you with blasting and mildew: the multitude of your gardens and your vineyards and your fig-trees and your olive-trees hath the palmer-worm devoured: yet have ye not returned unto me, saith Jehovah.","“Ṭâwlna le apnain ka hrem cheu a, in huonhai, in grêp huonhai, in theichang kûnghai, in oliv thinghai zozai chu thingnge tuktulung chun a fâk zo vawng tah a nih; chuong khawm chun ka kuomah in hung kîr nawh,” LALPAIN a tih."
"I have sent among you the pestilence after the manner of Egypt: your young men have I slain with the sword, and have carried away your horses; and I have made the stench of your camp to come up even into your nostrils: yet have ye not returned unto me, saith Jehovah.","“Aigupta ram angin nangni lai hripui ka tir a, kâwlhnâmin in tlangvâlhai chu ka that tah a, in sakawrhai ka ṭhuoi hmang tah a nih; chun, in sipai hmun rimsie chu hnâra innam khawpin kân umtir a, chuong khawm chun ka kuomah in hung kîr nawh,” LALPA chun a tih."
"I have overthrown cities among you, as when God overthrew Sodom and Gomorrah, and ye were as a brand plucked out of the burning: yet have ye not returned unto me, saith Jehovah.","“Sodom le Gomorra khuo chu Pathienin a sukchim lai angin nangni lai mi ṭhenkhat ka sukchim a, thing kâng ût lâk suok ang in na; chuong khawm chun ka kuomah in hung kîr nawh,” LALPA chun a tih."
"Therefore thus will I do unto thee, O Israel; and because I will do this unto thee, prepare to meet thy God, O Israel.","“Chuleiin, aw Israel, i chungah hieng ang hin ka thaw ding a nih; i chungah hi hi ka thaw ding a ni leiin, aw Israel, i Pathien chu tuok dingin insiem zo rawh”."
"For, lo, he that formeth the mountains, and createth the wind, and declareth unto man what is his thought; that maketh the morning darkness, and treadeth upon the high places of the earth—Jehovah, the God of hosts, is his name.","Ngai ta, tlânghai inngîr suok a, thli siem a, mihriem kuoma chun a ngaituona chu ieng am a na ti hrilsuokpêk a, zîngkâr chu sukthim a, hnuoi hmun insâng sirtu chu a hming LALPA, sipaihai Pathien chu a ni sih a."
"Hear ye this word which I take up for a lamentation over you, O house of Israel.","Aw, Israel chihai, hi thu nangni sûnna dinga ka hril hi hre ro:"
The virgin of Israel is fallen; she shall no more rise: she is cast down upon her land; there is none to raise her up.,"“Nunghâk, Israel chu a tlu tah a, ngîr nâwk ta naw nih: a ram chunga chun pei thlâk a ni tah a nih, ama chu inngîrtir dingin tukhawm an um nawh.”"
"For thus saith the Lord Jehovah: The city that went forth a thousand shall have a hundred left, and that which went forth a hundred shall have ten left, to the house of Israel.","Lalpa PATHIEN chun hieng ang hin a ti sih a: “Israel chihai kuoma chun, khawpui, sâng suokna khan, za mâksan a ta, khawpui, za suokna khan sâwm mâksan a tih”."
"For thus saith Jehovah unto the house of Israel, Seek ye me, and ye shall live;","LALPA chun Israel chihai kuoma chun hieng ang hin a ti sih a: “Mi zawng unla, hring in tih;"
"but seek not Beth-el, nor enter into Gilgal, and pass not to Beer-sheba: for Gilgal shall surely go into captivity, and Beth-el shall come to nought.","nisienlakhawm, Bethel khuo chu zawng naw unla, Gilgala chun lût naw bawk unla. Beer-seba khuoah kai bawk naw ro; Gilgal khuo chu matheiloin sala manin a um ding a ni sih a; Bethel khuo chu teplo hung nîng a tih.”"
"Seek Jehovah, and ye shall live; lest he break out like fire in the house of Joseph, and it devour, and there be none to quench it in Beth-el.","LALPA chu zawng unla hring in tih, chuong naw chun, Josef inah mei angin suok a ta, kâng vawng a ta, Bethel khuoah sukrêm dingin tu- khawm um naw ni hai;"
"Ye who turn justice to wormwood, and cast down righteousness to the earth,","rorêlna sairam thinga inchangtir a, felna chu hnuoia pei thlahai;"
"seek him that maketh the Pleiades and Orion, and turneth the shadow of death into the morning, and maketh the day dark with night; that calleth for the waters of the sea, and poureth them out upon the face of the earth (Jehovah is his name);","Siruk le Sizucho siemtu le thina deihlim zîngkâra inchangtirtu le, sûn chu zân inthima siemtu, tuisuoriet tuihai ko a, hnuoi chunga inluong- tirtu chu, ama chu zawng unla, a hming chu LALPA a nih,"
"that bringeth sudden destruction upon the strong, so that destruction cometh upon the fortress.","kul chunga bohmangna hung tlung khawpa, mi hrâthai chunga bo- hmangna intluntu chu."
"They hate him that reproveth in the gate, and they abhor him that speaketh uprightly.","Kawtkhâra kâwktu chu an theidah a, thu fel hriltu chu an tirdak a."
"Forasmuch therefore as ye trample upon the poor, and take exactions from him of wheat: ye have built houses of hewn stone, but ye shall not dwell in them; ye have planted pleasant vineyards, but ye shall not drink the wine thereof.","Chuleiin, mi rimsihai sirdein bu in lâkpêk a, lung intieng inhai in bâwl a, nisienlakhawm, a sûngah chêng naw ti niu; grêp huon inhawihai in siem a, nisienlakhawm, a uoin dâwn naw ti niu."
"For I know how manifold are your transgressions, and how mighty are your sins—ye that afflict the just, that take a bribe, and that turn aside the needy in the gate from their right.","In bawsietnahai tamzie le, in suolnahai a nasatzie ka hriet sih a; mi felhai suknawmna a, thamna la a, kawtkhâra tlasamhai an chantâwk nghatsantuhai."
Therefore he that is prudent shall keep silence in such a time; for it is an evil time.,"Chuongchun, mi var chu chuong ang huna chun to zing a ta, hun ṭha naw a ni leiin."
"Seek good, and not evil, that ye may live; and so Jehovah, the God of hosts, will be with you, as ye say.","In hring theina dingin ṭhat nawna zawng loin, ṭhatna zawng unla; chun, in hril angin, LALPA sipaihai Pathien chu in kuomah um a tih."
"Hate the evil, and love the good, and establish justice in the gate: it may be that Jehovah, the God of hosts, will be gracious unto the remnant of Joseph.","Suolna chu theida unla, ṭhatna ngaina unla, kawtkhâra rorêlna chu inngîr nghet ro; Josefhai laia hlabîkhai chunga chun LALPA, sipaihai Pathien chun lunginsietna a nei el rawi mawh."
"Therefore thus saith Jehovah, the God of hosts, the Lord: Wailing shall be in all the broad ways; and they shall say in all the streets, Alas! alas! and they shall call the husbandman to mourning, and such as are skilful in lamentation to wailing.","Chuleiin, LALPA, sipaihai Pathien, Lalpa chun hieng ang hin a tih, “Khawlaidung lien po poah ṭap rak rakna um a ta, kawtthlêr po poah. ‘A va pawi de aw!’ tîng an tih; lungngai dingin loneituhai le ṭap rak rak dingin lusûn thiemhai ko an tih."
"And in all vineyards shall be wailing; for I will pass through the midst of thee, saith Jehovah.","Chun, grêp huon po poa chun ṭap rak rakna um a ta, nangni lai ka fethleng ding a ni sih a,” LALPAIN a tih."
"Woe unto you that desire the day of Jehovah! Wherefore would ye have the day of Jehovah? It is darkness, and not light.","LALPA ni dittuhai, in chung a rik ie! Iengdinga LALPA ni chu in dit am a na? Var ni loin inthim a ni lem."
"As if a man did flee from a lion, and a bear met him; or went into the house and leaned his hand on the wall, and a serpent bit him.","Sakeibaknei mâksan a, savawm intuokpui mi ang le, ina lût a, bang chunga kut innghat a, rûlin a chuk ang chu a nih."
"Shall not the day of Jehovah be darkness, and not light? even very dark, and no brightness in it?","LALPA ni chu var ni loin inthim a ni naw ding am a nih? Thim sâtak, var hrim hrim khawm nei dêr lo."
"I hate, I despise your feasts, and I will take no delight in your solemn assemblies.","In ruoiṭhehai ka theidain ka hmusit a, in inkhâwmpui ursûnahai chun lâwm bawk naw ning."
"Yea, though ye offer me your burnt-offerings and meal-offerings, I will not accept them; neither will I regard the peace-offerings of your fat beasts.","Anih, in pumrawhmang thil- inhlân le in bu thilinhlânhai chu mîn hlân unla khawm, pawm naw ning a, in inremna ran thâu thilin- hlânhai khawm ngaisak bawk naw ning."
Take thou away from me the noise of thy songs; for I will not hear the melody of thy viols.,"I ṭingṭang ri mawi chu ngai naw ningah, chuleiin, ka kuoma inthawkin i hla nasêtum chu la hmang rawh."
"But let justice roll down as waters, and righteousness as a mighty stream.","Nisienlakhawm, rorêlnahai chu tuihai angin le felna chu vadungpui angin luong raw se."
"Did ye bring unto me sacrifices and offerings in the wilderness forty years, O house of Israel?","“Aw Israel sûngkuohai, kum sâwmli sûngin thlalêra khan inthâwi- nahai le thil inhlânhai ka kuomah in hung lâk am a nih?"
"Yea, ye have borne the tabernacle of your king and the shrine of your images, the star of your god, which ye made to yourselves.","Anih, in laltak Sikkuth in Molok puon inhai le, in Kiun milim- hai, in arasi pathien, mâni ta dinga in siem chu in phur a."
"Therefore will I cause you to go into captivity beyond Damascus, saith Jehovah, whose name is the God of hosts.","Chuleiin, Damaska khaw khêl- tieng salah infetir ka ti cheu,” LALPA, a hming sipaihai Pathien chun a tih."
"Woe to them that are at ease in Zion, and to them that are secure in the mountain of Samaria, the notable men of the chief of the nations, to whom the house of Israel come!","“Zion tlânga inhawitir taluoa umhai le, Samari tlânga himtaka umhai le hnam lientak mi ropuihai, an kuoma Israel sûngkuohai an fenahai chu an chung a rik ie!"
"Pass ye unto Calneh, and see; and from thence go ye to Hamath the great; then go down to Gath of the Philistines: are they better than these kingdoms? or is their border greater than your border?","Kalne khuoa chun fe unla, en ro; chun, chutaka inthawkin Hamath khaw ropuia chun fe unla, en ro; chun, Philistin ram Gath khuoa chun fe thla unla, hieng ramhai nêk hin an ṭha lem am? In ram nêkin an ram chu a lien lem am?"
"—ye that put far away the evil day, and cause the seat of violence to come near;",Nangni ni ṭha naw hlataka sie le nunse ṭhungna inhnaitir hai;
"that lie upon beds of ivory, and stretch themselves upon their couches, and eat the lambs out of the flock, and the calves out of the midst of the stall;","saiha khuma zâl a, an ṭhungpha sei chunghaia inzih a, berâm ruol laia berâmte le sebâwng umna laia sebâwng tuoihai fah a;"
"that sing idle songs to the sound of the viol; that invent for themselves instruments of music, like David;","ṭingṭanga zawmthâwtna hlahai sak a, David anga mâni ta dinga hla thlûk hmangruohai siem a;"
"that drink wine in bowls, and anoint themselves with the chief oils; but they are not grieved for the affliction of Joseph.","berbu liena uoin dâwn a, hriek ṭhataka innâl hlakhai chu; nisienla- khawm, Josefhai rinumna leiin an lungngai nawh."
Therefore shall they now go captive with the first that go captive; and the revelry of them that stretched themselves shall pass away.,"Chuongchun, tuhin sala fe hmasahai leh salah fêng an ta, inzihai hlimna bur bur chu bo tâng a tih.”"
"The Lord Jehovah hath sworn by himself, saith Jehovah, the God of hosts: I abhor the excellency of Jacob, and hate his palaces; therefore will I deliver up the city with all that is therein.","LALPA, sipaihai Pathien chun, Lalpa PATHIEN chun ama le ama insâlin ṭawng ân khâm a: “Jakob chapona chu ka tirdak a, a lal inhai ka theida a; chuleiin, khuo le a sûnga um po pohai chu kân mantir ding a nih,” tiin."
"And it shall come to pass, if there remain ten men in one house, that they shall die.",In pakhatah mi sâwm an la um chun thi vawng an tih.
"And when a man’s uncle shall take him up, even he that burneth him, to bring out the bones out of the house, and shall say unto him that is in the innermost parts of the house, Is there yet any with thee? and he shall say, No; then shall he say, Hold thy peace; for we may not make mention of the name of Jehovah.","Chun, mi pakhat pami ama rawtu ngei khawmin a lâk a, in sûnga inthawka a ru la suok dingin, in sûngril taka um kuomah, “I kuomah tukhawm an la um am?” a tih a, ama chun, “Um lo,” a ti chun; ama chun, “To zing rawh, LALPA hming chu ei sâm ding a ni si nawh a” tîng a tih."
"For, behold, Jehovah commandeth, and the great house shall be smitten with breaches, and the little house with clefts.","Ngai ta u, LALPA chun thu a pêk sih a; chun, in lien chu chim rem rum a ta, in chîn khawm chu kak hek huk bawk a tih."
"Shall horses run upon the rock? will one plow there with oxen? that ye have turned justice into gall, and the fruit of righteousness into wormwood;","Sakawrhai chu lungpui chung- ah an tlân ding am a nih? Chutaka chun miin sebâwngin hnuoi an inlet ding am a nih? Nangnîn rorêlna chu thina hloa le, felna chu sairam thingah in inchangtir hi;"
"ye that rejoice in a thing of nought, that say, Have we not taken to us horns by our own strength?",nangni iengkhawmlo chunga lâwm a. “Eini hrâtnain a ni nâwm a ni kihai ei lâk?” tituhai.
"For, behold, I will raise up against you a nation, O house of Israel, saith Jehovah, the God of hosts; and they shall afflict you from the entrance of Hamath unto the brook of the Arabah.","“En ta u, Aw Israel sûngkuohai, nangni hi do dingin hnam hung in- ngîrsuotir ka ta, chun, Hamath khaw kawtsuoa inthawkin Araba vadung chenin suknawmnâng an ti cheu,” LALPA, sipaihai Pathien chun a ti sih a."
"Thus the Lord Jehovah showed me: and, behold, he formed locusts in the beginning of the shooting up of the latter growth; and, lo, it was the latter growth after the king’s mowings.","Hieng ang hin Lalpa PATHIEN chun a mîn entir a; en ta u, mâwng nuhnung lem a mâwng ṭan- tirnaa chun khâuṭhikṭhi a siem a; ngai ta u, lal bu hlu hnunga mâwng nuhnung lem a nih."
"And it came to pass that, when they made an end of eating the grass of the land, then I said, O Lord Jehovah, forgive, I beseech thee: how shall Jacob stand? for he is small.","Chun, chu rama hlohna chu an fâk zo hnungin, “Aw Lalpa PATHIEN, ngaidam rawh, ka ngên che hi; Jakob chu iengtin am ngîr thei a ta, ama a chîn sih a?” ka tih a."
"Jehovah repented concerning this: It shall not be, saith Jehovah.","Hi thu tieng hin LALPA chu ân lêt a, LALPA chun, “Ni nâwk ta naw nih,” a ta."
"Thus the Lord Jehovah showed me: and, behold, the Lord Jehovah called to contend by fire; and it devoured the great deep, and would have eaten up the land.","Hieng ang hin Lalpa PATHIEN chun a mîn entir a; chun, en ta u, Lalpa PATHIEN chun meia do dingin a ko a; mei chun tui inthûk lien chu a kâng vawng a; ram khawm chu a kâng zo mêk bawk a."
"Then said I, O Lord Jehovah, cease, I beseech thee: how shall Jacob stand? for he is small.","chun, keiin, “Aw Lalpa PATHIEN, ma rawh, ka ngên che hi, Jakob chu iengtin am ngîr thei a ta, ama a chîn sih a?” ka ta."
"Jehovah repented concerning this: This also shall not be, saith the Lord Jehovah.","Hi thu tieng hin LALPA chu ân lêt a, Lalpa PATHIEN chun, “Hi khawm hi ni ta naw nih,” a ta."
"Thus he showed me: and, behold, the Lord stood beside a wall made by a plumb-line, with a plumb-line in his hand.","Hieng ang hin a mîn entir a, chun, en ta u, Lalpa chu enremnaa siem bang kâwlah a ngîr a, a kuta chun enremna chu a chawi a."
"And Jehovah said unto me, Amos, what seest thou? And I said, A plumb-line. Then said the Lord, Behold, I will set a plumb-line in the midst of my people Israel; I will not again pass by them any more;","Chun, LALPA chun ka kuomah, “Amos, ieng am i hmuh a?” a ta. Kei chun, “Enremna,” ka ta. LALPA chun, “Ngai ta, ka mi Israelhai lai enremna sieng ka ta, anni chu khêl nâwk ta naw ning a;"
"and the high places of Isaac shall be desolate, and the sanctuaries of Israel shall be laid waste; and I will rise against the house of Jeroboam with the sword.","chun, Isak bâwlhmunhai chu rausan hung nîng an ta, Israel hmun inthienghai chu suksiet nîng a tih, chun, Jeroboam sûnghai chu kâwl- hnâmin do ka tih,” a ta."
"Then Amaziah the priest of Beth-el sent to Jeroboam king of Israel, saying, Amos hath conspired against thee in the midst of the house of Israel: the land is not able to bear all his words.","Chun, Bethel khaw thiempu Amazia chun Israel lal Jeroboam kuomah, “Amos chun Israel sûnghai lai chun a phierrûk cheh a, ram chun a thu po po chu a tuor thei nawh."
"For thus Amos saith, Jeroboam shall die by the sword, and Israel shall surely be led away captive out of his land.","Amos chun hieng ang hin a ti sih a, ‘Jeroboam chu kâwlhnâmin thîng a ta, matheiloin a rama inthawkin Israel chu salah ṭhuoi suok a ta,’ tiin thu a thawn a,” tiin."
"Also Amaziah said unto Amos, O thou seer, go, flee thou away into the land of Judah, and there eat bread, and prophesy there:","Chun, Amazia chun Amos kuomah, “Aw nang zâwlnei, fe la, Juda ramah tlân hmang la, chutaka chun bu fa la, thu hril rawh;"
"but prophesy not again any more at Beth-el; for it is the king’s sanctuary, and it is a royal house.","nisienlakhawm, Bethel khuoah thu hril nâwk ta naw rawh: lal hmun inthieng le lal in a ni leiin,” a ti bawk a."
"Then answered Amos, and said to Amaziah, I was no prophet, neither was I a prophet’s son; but I was a herdsman, and a dresser of sycomore-trees:","Chun, Amos chun Amazia kuomah, “Zâwlnei ka ni nawh a, zâwlnei naupa khawm ka ni bawk nawh; ran ruol vêngtu le thei- chang kûng enkawltu ka ni lem a nih;"
"and Jehovah took me from following the flock, and Jehovah said unto me, Go, prophesy unto my people Israel.","LALPA chun berâm ruol vêng- naa inthawk chun a mi lâk a, LALPA chun ka kuomah, ‘Fe la, ka mi Israelhai kuomah thu hril rawh,’ a mi tih a."
"Now therefore hear thou the word of Jehovah: Thou sayest, Prophesy not against Israel, and drop not thy word against the house of Isaac;","Chuongchun, tuhin LALPA thu chu hre rawh, ‘Nangin Israel kalin thu hril naw la, Isak sûngkuohai kalin i thu inthla naw rawh,’ i tih a;"
"therefore thus saith Jehovah: Thy wife shall be a harlot in the city, and thy sons and thy daughters shall fall by the sword, and thy land shall be divided by line; and thou thyself shalt die in a land that is unclean, and Israel shall surely be led away captive out of his land.","chuleiin, LALPA chun hieng ang hin a ti a nih, ‘I nuhmei chu khawpuiah nawchizawr nîng a ta, i naupasalhai, i naunuhmeihai chu kâwlhnâmin tlûng an ta; i ram chu inkhina hruiin sem an ta; chun, nangma ngei khawm ram thieng naw sûnga chun thîng i ta, matheiloin, Israel chu a rama inthawkin salah ṭhuoi hmang an tih,’ tiin,” a dawn a."
"Thus the Lord Jehovah showed me: and, behold, a basket of summer fruit.","Hieng ang hin Lalpa PATHIEN chun a mîn entir a, chun, en ta u, nisapuithei bâwm a lo nih."
"And he said, Amos, what seest thou? And I said, A basket of summer fruit. Then said Jehovah unto me, The end is come upon my people Israel; I will not again pass by them any more.","Chun, ama chun, “Amos, ieng am i hmuh a?” a ta. Keiin, “Nisapuithei bâwm,” ka tih a. Chun, LALPA chun ka kuomah, “Ka mi Israelhai chungah tâwpna a hung tlung tah; anni chu khêl nâwk ta naw ning,” a ta."
"And the songs of the temple shall be wailings in that day, saith the Lord Jehovah: the dead bodies shall be many; in every place shall they cast them forth with silence.","Lalpa PATHIEN chun, “Chu nia chun biekin hlahai chu khêk rak rak ni tâng a ta, mithi ruong tam a ta, hmun tinah to zingin peihâwn an tih,” a ta."
"Hear this, O ye that would swallow up the needy, and cause the poor of the land to fail,","Chun, hi hi ngai ta u, nangni tlasamhai fa zo nuom a, ram mi rimsi sukbo nuomhai,"
"saying, When will the new moon be gone, that we may sell grain? and the sabbath, that we may set forth wheat, making the ephah small, and the shekel great, and dealing falsely with balances of deceit;","“Bu ei zawr theina dingin thla thar chu iengtik âm bo a ta, beiphit bu ei insuo theina dingin châwlni chu iengtik âm a bo ding a na? Epha sukchîna, shekel suklien a, indik nawtaka hlêmna bûkna hmang a,"
"that we may buy the poor for silver, and the needy for a pair of shoes, and sell the refuse of the wheat?","tangkaruoa mi rimsi inchawh a, mi tlasamhai chu kekawk bun khata inchawh a, busi ei zawr theina ding- in,” tiin."
"Jehovah hath sworn by the excellency of Jacob, Surely I will never forget any of their works.","LALPA chun Jakob ropuina sâlin ṭawng ân khâm a, “Matheiloin, an sinthaw hrim hrim theinghil dêr naw ning ah,” tiin."
"Shall not the land tremble for this, and every one mourn that dwelleth therein? yea, it shall rise up wholly like the River; and it shall be troubled and sink again, like the River of Egypt.","Hi hi lei hin ram chu ân thinin, a sûnga um taphawthai chu an lungngai naw ding am a nih? Anih, Vadung ang chun hung lien vawng a ta, Aigupta ram Vadung angin hung buoiin hung kang a tih."
"And it shall come to pass in that day, saith the Lord Jehovah, that I will cause the sun to go down at noon, and I will darken the earth in the clear day.","Chun, Lalpa PATHIEN chun a hril a, Chu nia chun, sûn changlai nisa intlâktir ka ta, nisa sat lai chun hnuoi chu sukthim ka tih."
"And I will turn your feasts into mourning, and all your songs into lamentation; and I will bring sackcloth upon all loins, and baldness upon every head; and I will make it as the mourning for an only son, and the end thereof as a bitter day.","In ruoiṭhehai chu lungngainaa le in hlahai po po chu ṭapnaah inchangtir ka tih; kâwng po po chu saiip puon indierkeitir ka ta, lu tin sîpa chun kâwkna hung intlungtir ka tih; chun, naupa khât nei sun ta dinga lungngaina ang le, a tâwpna chu khâkna ni angin siem ka tih."
"Behold, the days come, saith the Lord Jehovah, that I will send a famine in the land, not a famine of bread, nor a thirst for water, but of hearing the words of Jehovah.","Lalpa PATHIEN chun, “Ngai ta u, nihai chu a hung tlung mêk a nih, chuong nihaia chun rama chun ṭâm tir ka ta, bua ṭâmna ni loin, tuia ṭâmna ni loin, LALPA thu hrietnaa ṭâmna lem chu."
"And they shall wander from sea to sea, and from the north even to the east; they shall run to and fro to seek the word of Jehovah, and shall not find it.","Chun, tuisuorieta inthawka tui- suorieta le hmâra inthawka saka khawm invâk an ta; LALPA thu chu zawng dingin kil tinah tlân an ta, hmu naw ni hai."
In that day shall the fair virgins and the young men faint for thirst.,"Chu nia chun nunghâk ṭha le tlangvâlhai chu dangchârin thidang an ta,"
"They that swear by the sin of Samaria, and say, As thy god, O Dan, liveth; and, As the way of Beer-sheba liveth; they shall fall, and never rise up again.","Samari khaw suolna sâla ṭawng inkhâm a, ‘Aw Dan, i Pathien a hring angin,’ le, ‘Beer-seba fena lampui a hring zing angin,’ tihai kha, chuong mihai khawm chu tlûng an tih, tho nâwk dêr naw ni hai,” tiin."
"I saw the Lord standing beside the altar: and he said, Smite the capitals, that the thresholds may shake; and break them in pieces on the head of all of them; and I will slay the last of them with the sword: there shall not one of them flee away, and there shall not one of them escape.","Mâichâm bula ngîrin Lalpa chu ka hmuh a, chun, ama chun, “Kawtkhâr bulhai an inhnîng theina dingin a sîp bâwkhai chu vaw la, an rênga lu chungah suknâwi vawng rawh; chun, a thi mahlahai chu kâwlhnâmin that ka ta, pakhat khawm tlân hmang naw ni hai a, pakhat khawma pumpel naw bawk an tih."
"Though they dig into Sheol, thence shall my hand take them; and though they climb up to heaven, thence will I bring them down.","Mithi khuo chenin cho tlang hai sien khawm, chutaka inthawk chun ka kutin la suok ka ta, vânah lâwn hai sien khawm, chutaka inthawk chun hnûk thlâng ka tih."
"And though they hide themselves in the top of Carmel, I will search and take them out thence; and though they be hid from my sight in the bottom of the sea, thence will I command the serpent, and it shall bite them.","Karmel tlâng sîpah inbihmang hai sien khawm, zawng ka ta, chutaka inthawk chun anni chu la thlâng ka tih; chun, tuisuoriet mawngah ka mithmu nawah inbihmang hai sien khawm, chutaka rûl chu thu pêng ka ta, anni chu chuk a tih."
"And though they go into captivity before their enemies, thence will I command the sword, and it shall slay them: and I will set mine eyes upon them for evil, and not for good.","An hmêlmahai hmaah salah fe hai sien khawm, chutaka kâwlhnâm chu thu pêng ka ta, anni chu sât hlum a tih, ṭhatna ni loin, ṭhat nawna dingin an chungah ka mit infûktir ka tih,”"
"For the Lord, Jehovah of hosts, is he that toucheth the land and it melteth, and all that dwell therein shall mourn; and it shall rise up wholly like the River, and shall sink again, like the River of Egypt;","Ram chu tâwk a, suktuiraltu chu Lalpa, sipaihai PATHIEN chu a ni sih a; chun, chutaka um po pohai chu lungngai an tih; chun, Vadung angin hung lien a ta, Aigupta Vadung angin kang nâwk a tih;"
"it is he that buildeth his chambers in the heavens, and hath founded his vault upon the earth; he that calleth for the waters of the sea, and poureth them out upon the face of the earth; Jehovah is his name.","vâna a pindanhai siem a, hnuoi chunga pindan inkuol siem a, tui- suoriet tuihai ko a, hnuoi chunga bunthlatu, a hming chu LALPA a nih."
"Are ye not as the children of the Ethiopians unto me, O children of Israel? saith Jehovah. Have not I brought up Israel out of the land of Egypt, and the Philistines from Caphtor, and the Syrians from Kir?","LALPA chun, “Aw Israel nauhai, ka chungah Ethiopia nauhai angin in um naw am a nih? Aigupta rama inthawka Israel le Kaphtor rama inthawk Philistin mihai le Kir rama inthawka Suria mihai ka ṭhuoi suok nâwm a nih?"
"Behold, the eyes of the Lord Jehovah are upon the sinful kingdom, and I will destroy it from off the face of the earth; save that I will not utterly destroy the house of Jacob, saith Jehovah.","Ngai ta u, Lalpa PATHIEN mit chu ram suol chungah a fuh a; chun, hnuoi chunga inthawkin sukbo ka ta; amiruokchu, Jakob sûngkuohai chu sukse vawng naw ning,” a ta."
"For, lo, I will command, and I will sift the house of Israel among all the nations, like as grain is sifted in a sieve, yet shall not the least kernel fall upon the earth.","“Ngai ta u, thu ka pêk ding a ni sih a, chun, sihria bu an rel angin, Israel sûngkuohai chu hnam po po lai chun rel ka tih; nisienlakhawm, a mal chîn tak khawm hnuoi chungah tla naw ni."
"All the sinners of my people shall die by the sword, who say, The evil shall not overtake nor meet us.","Ka mihai mi suol po po, ‘Ṭhat nawna chun mi hnawt phâk naw nih a, mi nang bawk naw ni,’ tihai chu kâwlhnâmin thîng an tih."
"In that day will I raise up the tabernacle of David that is fallen, and close up the breaches thereof; and I will raise up its ruins, and I will build it as in the days of old;","“Chu nia chun David bâwktê chim chu inngîr ka ta, a âwnghai chu phâwk ka ta, a sietnahai chu rem nâwk ka ta; tienlaia a um ang khan bâwl ka tih,"
"that they may possess the remnant of Edom, and all the nations that are called by my name, saith Jehovah that doeth this.","Edom hmuna la umhai le ka hminga ko hnam po po hai chu an nei theina dingin,” LALPA hi thil thawtu hin a tih."
"Behold, the days come, saith Jehovah, that the plowman shall overtake the reaper, and the treader of grapes him that soweth seed; and the mountains shall drop sweet wine, and all the hills shall melt.","LALPA chun, “Ngai ta u, nihai chu a hung tlung a ni tah, chuong nihaia chun hnuoi inlettu chun bu âttu chu hnawt phâk a ta, grêp chîltu chun chi thetu chu la hnawt phâk a ta; tlâng insâng chun uoin thlum infartir a ta, tlâng po po chu intui an tih."
"And I will bring back the captivity of my people Israel, and they shall build the waste cities, and inhabit them; and they shall plant vineyards, and drink the wine thereof; they shall also make gardens, and eat the fruit of them.","Chun, ka mi Israelhai chu sala inthawkin ṭhuoi kîr nâwk ka ta; khaw ṭâwphai chu siem nâwk an ta, hluong an tih; chun, grêp huonhai siem an ta, a uoin dâwn an tih; huonhai khawm siem an ta, a ra chu fâng an tih."
"And I will plant them upon their land, and they shall no more be plucked up out of their land which I have given them, saith Jehovah thy God.","An ramah anni chu phun ka ta, an kuoma ka pêk an rama in- thawk phawidawkin um nâwk ta naw ni hai,” LALPA i Pathien chun a tih."
