en,hmr
"In the second year of Darius the king, in the sixth month, in the first day of the month, came the word of Jehovah by Haggai the prophet unto Zerubbabel the son of Shealtiel, governor of Judah, and to Joshua the son of Jehozadak, the high priest, saying,","Lal Daria inlal kum hnina, thla ruknaa, chu thla ni khat nia chun, zâwlnei Haggai hmangin Sealtiel naupa Zerubbabel, Juda ram rorêltu le Jehozadak naupa Josua, thiempu laltak kuoma chun LALPA thu chu a hung tlung a."
"Thus speaketh Jehovah of hosts, saying, This people say, It is not the time for us to come, the time for Jehovah’s house to be built.","Sipaihai LALPA chun hieng hin a tih: “Hi chihai hin, ‘Eini ta dingin fe hun a ni nawh a, LALPA ta dinga in bâwl hun a la ni nawh’ an tih a,” tiin."
"Then came the word of Jehovah by Haggai the prophet, saying,","Chuongchun, zâwlnei Haggai kuoma chun LALPA thu chu a hung tlung a:"
"Is it a time for you yourselves to dwell in your ceiled houses, while this house lieth waste?","“Hi in hi hienga se zing siin, nangni ta dingin in, inchungthuo inhaia chun chêng zing a hun ta am a nih?” tiin."
Now therefore thus saith Jehovah of hosts: Consider your ways.,"Chuleiin, tuhin sipaihai LALPA chun hieng hin a tih, “In lampuihai chu ngaituo ro."
"Ye have sown much, and bring in little; ye eat, but ye have not enough; ye drink, but ye are not filled with drink; ye clothe you, but there is none warm; and he that earneth wages earneth wages to put it into a bag with holes.","In tu ṭeu a, tlâwmte chau in lâk lût a, in fâka chu khawp lêm in nei nawh a; in dâwna chu in khawp si nawh; in inthuom a, tukhawm in lum si nawh; chuongchun, hlawhai hlaw- tu khawm chu ip mawng inâwnga thlâk el dingin a hlaw a nih,” tiin."
Thus saith Jehovah of hosts: Consider your ways.,Sipaihai LALPA chun hieng hin a tih; “In lampuihai ngaituo ro.
"Go up to the mountain, and bring wood, and build the house; and I will take pleasure in it, and I will be glorified, saith Jehovah.","Tlâng rama chun hang fe unla, thing hung la unla, in chu bâwl ro; chuongchun, a sûnga chun inhawi tîng ka ta, chawimawiin um bawk ka tih,” LALPA chun a tih."
"Ye looked for much, and, lo, it came to little; and when ye brought it home, I did blow upon it. Why? saith Jehovah of hosts. Because of my house that lieth waste, while ye run every man to his own house.","“Tamtak chu in zawng hlak a, anachu, tlâwmte a hung ni el hlak; ina in hung lâk lût pha khawmin, ka lo mût hmang el hlak. Ieng leiin am?” Sipaihai LALPA chun a tih. “Ka in hienga sieha um zing siin, mi tin mâni in sengah in tlân hlak leiin."
"Therefore for your sake the heavens withhold the dew, and the earth withholdeth its fruit.","Chuleiin, nangni leiin vân chu daidaw intlâktir lo ding le, hnuoi chu ra insuo lo dinga khap an nih."
"And I called for a drought upon the land, and upon the mountains, and upon the grain, and upon the new wine, and upon the oil, and upon that which the ground bringeth forth, and upon men, and upon cattle, and upon all the labor of the hands.","Hnuoi chunga dâm, tlânghai chunga dâm, buvui chunga dâm, uoin chunga dâm, hriek chunga dâm, leihnuoiin a hung insuotir taphawt le, mihriemhai chunga le, bâwng ruol chunga le, kut sininrim ra suok po po chunga chun khuo ka sukṭhâl a nih”, tiin."
"Then Zerubbabel the son of Shealtiel, and Joshua the son of Jehozadak, the high priest, with all the remnant of the people, obeyed the voice of Jehovah their God, and the words of Haggai the prophet, as Jehovah their God had sent him; and the people did fear before Jehovah.","Chuongchun, Sealtiel naupa Zerubbabel le, Jehozadak naupa, Josua, thiempu lal le, chu chi la um sunhai chun LALPA an Pathien râwl le, LALPA an Pathienin ama a tir angin, zâwlnei Haggai thuhai chu an pawm tah a; chuongchun, mipui chun LALPA chu an ṭi tah a."
"Then spake Haggai Jehovah’s messenger in Jehovah’s message unto the people, saying, I am with you, saith Jehovah.","Chun, LALPA mitir Haggai chun LALPA thucha chu mipuihai kuoma chun, “In kuomah ka um, LALPA chun a tih,” tiin a hril a."
"And Jehovah stirred up the spirit of Zerubbabel the son of Shealtiel, governor of Judah, and the spirit of Joshua the son of Jehozadak, the high priest, and the spirit of all the remnant of the people; and they came and did work on the house of Jehovah of hosts, their God,","Chuongchun, LALPA chun Juda ram awptu, Sealtiel naupa Zerub- babel lungril le, Jehozadak naupa Josua, thiempu lal lungril le, mipui a la um sunhai lungril chu a chawkhar tah a. Chuongchun, an hung a, sipaihai LALPA an Pathien ina chun sin an thaw tah a,"
"in the four and twentieth day of the month, in the sixth month, in the second year of Darius the king.","Daria inlal kum hnina, a thla rukna, ni sâwmhni pali ni chun."
"In the seventh month, in the one and twentieth day of the month, came the word of Jehovah by Haggai the prophet, saying,","A thla sarina, ni sâwmhni pa- khat nia chun zâwlnei Haggai kuoma chun LALPA thu chu a hung tlung a."
"Speak now to Zerubbabel the son of Shealtiel, governor of Judah, and to Joshua the son of Jehozadak, the high priest, and to the remnant of the people, saying,","“Juda ram awptu Sealtiel naupa Zerubbabel kuoma le, Jehozadak naupa Josua, thiempu lal kuoma le, mipui la um sunhai kuoma chun hril la,"
Who is left among you that saw this house in its former glory? and how do ye see it now? is it not in your eyes as nothing?,"‘Nangni lai hin hi in hi a hmaa a ropui lai kha hmu a dam tu am in la um a? Anleh, tuhin ieng ang charin am in hmuh a? In mithmua chun iengkhawm ni lo ang a ni naw am a nih?"
"Yet now be strong, O Zerubbabel, saith Jehovah; and be strong, O Joshua, son of Jehozadak, the high priest; and be strong, all ye people of the land, saith Jehovah, and work: for I am with you, saith Jehovah of hosts,","Anachu, Aw Zerubbabel, tuhin insukhrât rawh,’ LALPA chun a ti a nih; LALPA chun, ‘Aw Josua, nang Jehozadak naupa thiempu lal, in- sukhrât la, a rama mi po pohai, insukhrât unla, sin chu thaw ro,’ a tih, nangni lai ka um si a, mipuihai LALPA chun a tih:"
"according to the word that I covenanted with you when ye came out of Egypt, and my Spirit abode among you: fear ye not.","Aigupta rama inthawka in hung suok laia in kuoma ka thuthlung thu anga khan in kuomah ka um a, ka thlarau chu nangni laia chêng zing a ni sih a: ṭi dêr naw ro, LALPA chun a tih,” tiin."
"For thus saith Jehovah of hosts: Yet once, it is a little while, and I will shake the heavens, and the earth, and the sea, and the dry land;","Sipaihai LALPA chun hieng hin a ti sih a: Vawikhat chu, sâwt nawtêah, vânhai le hnuoi le, tuisuoriet le ram ṭâwl chu sukhnîng ka ta;"
"and I will shake all nations; and the precious things of all nations shall come; and I will fill this house with glory, saith Jehovah of hosts.","hnam po pohai chu sukhnîng ka ta; hnam tin thil duthusâmhai chu hung tlung a ta, chun, hi in hi ropuinain suksip ka tih, sipaihai LALPA chun a tih."
"The silver is mine, and the gold is mine, saith Jehovah of hosts.","Tangka chu ka ta a na, râng- kachak khawm chu ka ta a nih, sipaihai LALPA chun a tih."
"The latter glory of this house shall be greater than the former, saith Jehovah of hosts; and in this place will I give peace, saith Jehovah of hosts.","Hi in hi, hi hnungtienga a ro- puina chu a hmasa nêk khan la nasa lem a tih, sipaihai LALPA chun a tih: chun, hi hmuna hin inremna chu la pêng ka tih, sipaihai LALPA chun a tih."
"In the four and twentieth day of the ninth month, in the second year of Darius, came the word of Jehovah by Haggai the prophet, saying,","Daria inlal a kum hninaa, thla kuona ni sâwmhni pali ni chun zâwlnei Haggai kuomah LALPA thu chu a hung tlung a,"
"Thus saith Jehovah of hosts: Ask now the priests concerning the law, saying,","“Sipaihai LALPA chun hieng hin a tih. Thiempuhai chu hi dân thu hi indawn la,"
"If one bear holy flesh in the skirt of his garment, and with his skirt do touch bread, or pottage, or wine, or oil, or any food, shall it become holy? And the priests answered and said, No.","‘Miin a silfên puonhmawrin sa inthieng a pai a, chu puonhmawr chun bei amanih, thil suonghruoi amanih, uoin amanih, hriek amanih, sa amani khawm a tâwk chun in- thieng a hung ni ding am a nih?’ ti hi,” tiin. Chuongchun, thiempuhai chun an dawn a, “Ni lo e,” an ta."
"Then said Haggai, If one that is unclean by reason of a dead body touch any of these, shall it be unclean? And the priests answered and said, It shall be unclean.","Chun, Haggai chun, “Mi sa thi ruong leia inthieng naw chun hieng thil a iengkhawm hi tâwk sienla, thieng naw a ni ding am a ni”? a ta. Thiempuhai chun, “Thieng naw a ni ngei ding a nih,” tiin an dawn a."
"Then answered Haggai and said, So is this people, and so is this nation before me, saith Jehovah; and so is every work of their hands; and that which they offer there is unclean.","Chun, Haggai chun a dawn a, “Hi mipui hi chuong ang chie chu an na, hi hnam hi ka hmaa chun chuong ang chie chu an nih,” sipaihai LALPA chun a tih; “An kut sinthaw tinrêng khawm chuong ang chu a na, an thil- inhlâna chun thieng lo a um a nih."
"And now, I pray you, consider from this day and backward, before a stone was laid upon a stone in the temple of Jehovah.","Chuleiin, tuhin ka ngên cheu hi, vawisûna inthawk hi hnung chen khawm, LALPA biekina lung chunga lung intieng a ni hma hun kha ngai- tuo ro;"
"Through all that time, when one came to a heap of twenty measures, there were but ten; when one came to the winevat to draw out fifty vessels, there were but twenty.","khânglai sûng hrim hrim khan, miin tekhâwng sâwmhni vûma a ruota chun sâwm chau a lo na: miin sâwrna khura bûr sâwmnga thâl dinga a hung chun sâwmhni chau a lo na."
"I smote you with blasting and with mildew and with hail in all the work of your hands; yet ye turned not to me, saith Jehovah.","In kut sinthawnahai po poa chun riel le kumthu le ṭêk tlain ka hrem cheu a, anachu ka kuom tieng in la hung ngha naw rawp el hi,” LALPA chun a tih."
"Consider, I pray you, from this day and backward, from the four and twentieth day of the ninth month, since the day that the foundation of Jehovah’s temple was laid, consider it.","“Ka ngên cheu hi, vawisûna in- thawka hi hnungtieng po po ngaituo ro; thla kuona, ni sâwmhni pali ni, LALPA biekin lungphûm phûm ni china inthawk chu ngaituo ro."
"Is the seed yet in the barn? yea, the vine, and the fig-tree, and the pomegranate, and the olive-tree have not brought forth; from this day will I bless you.","Bu ina chun a chi chu a la um rawp am a nih? Grêphrui dâm, theichang kûng dâm, theibufai dâm, oliv thinghai le chun ra an insuo ngai nawh a; vawisûna inthawk hin chu mal ka sâwm ding cheu a nih,” tiin. Zerubbabel kuoma Lalpa thutiem"
"And the word of Jehovah came the second time unto Haggai in the four and twentieth day of the month, saying,","Chu thla, ni sâwmhni pali ni chun LALPA thu chu a vawi hni- naah Haggai kuomah a hung tlung nâwk a,"
"Speak to Zerubbabel, governor of Judah, saying, I will shake the heavens and the earth;","“Zerubbabel, Juda chunga rorêl- tu kuoma chun hril la, ‘Hnuoi le vânhai chu sukhnîng ka ta:"
"and I will overthrow the throne of kingdoms; and I will destroy the strength of the kingdoms of the nations; and I will overthrow the chariots, and those that ride in them; and the horses and their riders shall come down, every one by the sword of his brother.","ramhai lalṭhungpha khawm chu pei thlâng ka tih; chun, hnamhai lalram hrâtna chu sukse bawk ka tih; chun, tawlailîrhai chu pei thlâng ka ta, a chunga chuongtuhai le chun; sakawrhai le a chunga chuong, mi tin chu mâni unau kâwlhnâm ngeia suktlâwm ni tâng a tih,’ tiin."
"In that day, saith Jehovah of hosts, will I take thee, O Zerubbabel, my servant, the son of Shealtiel, saith Jehovah, and will make thee as a signet; for I have chosen thee, saith Jehovah of hosts.","‘Chu nia chun, Aw Zerubbabel ka siehlaw, Sealtiel naupa, chel ka ti che,’ sipaihai LALPA chun a tih; ‘nang hi inchikna namna angin siem ka ti che,’ LALPA chun a tih; ‘nang hi ka lo thlang ta si cheh a,’ sipaihai LALPA chun a tih” tiin."
