en,hmr
"The vision of Obadiah. Thus saith the Lord Jehovah concerning Edom: We have heard tidings from Jehovah, and an ambassador is sent among the nations, saying, Arise ye, and let us rise up against her in battle.","Obadia inlârna hmu chu. Lalpa PATHIEN chun Edom chungchângah hieng ang hin a tih: LALPA kuoma inthawkin thu kan hriet a, hnamhai laia chun palai tir a nih: “Tho unla, indonaa ama do dingin inthawk ei tiu,” tiin."
"Behold, I have made thee small among the nations: thou art greatly despised.","Ngai ta, hnamhai laia chun ka sukchîn ta che a na, nasataka hmu- sitin i um tah."
"The pride of thy heart hath deceived thee, O thou that dwellest in the clefts of the rock, whose habitation is high; that saith in his heart, Who shall bring me down to the ground?","Aw nang, lungpui kak kâra chêng a; hmun insâng hluotu, “Tuin am hnuoiah mi sukthlâng a ta?” ti lung- riltu, i lungril chapona hin a hlêm ta che a nih."
"Though thou mount on high as the eagle, and though thy nest be set among the stars, I will bring thee down from thence, saith Jehovah.","Mu angin insângtakah hang vuong la khawm, i bu chu arasi lai khin sep ni sienla khawm, chutaka inthawk chun la thla el ka ti che, LALPAIN a tih."
"If thieves came to thee, if robbers by night (how art thou cut off!), would they not steal only till they had enough? if grape-gatherers came to thee, would they not leave some gleaning grapes?","I kuomah inruhai, phil hmanghai zânah hung sienla, (sukbohmang i va ni nasa âwm de!) an dittâwkin an inrûk naw ding am a nih? I kuomah grêp sîk khâwmtuhai hung sienla, grêp sîk ding ṭhenkhat an mâksan naw ding am a nih?"
How are the things of Esau searched! how are his hidden treasures sought out!,Esau thilhai zawng suok a ni ta chu! A robâwm thuphmanghai dap suok a ni ta chu!
"All the men of thy confederacy have brought thee on thy way, even to the border: the men that were at peace with thee have deceived thee, and prevailed against thee; they that eat thy bread lay a snare under thee: there is no understanding in him.","I tienga ṭhanghai po poin ramri hiel an hung intlun che a, mi inrem- taka i umpuihai khan an hlêm cheh a, an hne ta che a nih; i bei fatuhai khan i hnuoiah châng an kam a: Amaa chun hrietthiemna hrim a um naw a nih."
"Shall I not in that day, saith Jehovah, destroy the wise men out of Edom, and understanding out of the mount of Esau?","Chu nia chun Edoma inthawk mi varhai chu ka sukbohmangin, Esau tlânga inthawka hrietthiemna ka sukbohmang naw ding am a nih? LALPAIN a tih."
"And thy mighty men, O Teman, shall be dismayed, to the end that every one may be cut off from the mount of Esau by slaughter.","Aw Teman, Esau tlânga inthawk- a mi tin sukbohmanga an um vawng- na dingin, i mi hrâthai chu nasatakin ṭîng an tih."
"For the violence done to thy brother Jacob, shame shall cover thee, and thou shalt be cut off for ever.","I unaupa Jakob chunga in- pâwngnêkna leiin inzaknain inkhum a ti cheh a, kumkhuoa sukbohmangin um i tih."
"In the day that thou stoodest on the other side, in the day that strangers carried away his substance, and foreigners entered into his gates, and cast lots upon Jerusalem, even thou wast as one of them.","Khingtienga i ngîr nia, mikhuol- haiin a sum an lâk hmang nia, hnam dang mihai a kul kawtkhâra an hung lûta, Jerusalem chunga ai an sân lai khan nang khawm anni laia ṭhang angin i um kha."
"But look not thou on the day of thy brother in the day of his disaster, and rejoice not over the children of Judah in the day of their destruction; neither speak proudly in the day of distress.","Nisienlakhawm, i unaupa a siet laia a sietna ni chu thlîr naw la, Juda nauhai chungah an bohmang niin lâwm naw la; an rinum nia khawm chapotakin ṭawng naw rawh."
"Enter not into the gate of my people in the day of their calamity; yea, look not thou on their affliction in the day of their calamity, neither lay ye hands on their substance in the day of their calamity.","Ka mihai chu an vângduoi niin an kul kawtkhâra chun lût naw rawh; anih, an vângduoi ni chun an tuorna- hai chu thlîr naw la, an vângduoi ni chun an sum le pai chunga khawm in kuthai innghat naw ro."
"And stand thou not in the crossway, to cut off those of his that escape; and deliver not up those of his that remain in the day of distress.","A mi ṭhenkhat tlân suokhai that dingin lampui ṭhuomah ngîr naw rawh, rinum nia mi la um sunhai chu inmantir naw rawh."
"For the day of Jehovah is near upon all the nations: as thou hast done, it shall be done unto thee; thy dealing shall return upon thine own head.","Hnam po po chungah LALPA ni chu a hnai sih a; i lo thaw ta ang bawkin i chungah thaw nîng a ta, i thaw dân chu i lu chung ngeiah hung lêt a tih."
"For as ye have drunk upon my holy mountain, so shall all the nations drink continually; yea, they shall drink, and swallow down, and shall be as though they had not been.","Ka tlâng inthienga in dâwn ta ang khan, hnam po po chun an dâwn rawp âwm sih a; anih, dâwn an ta, lem an ta, pieng naw ang elin um an tih."
"But in mount Zion there shall be those that escape, and it shall be holy; and the house of Jacob shall possess their possessions.","Zion tlânga ruok chu a tlân suokhai chu um an ta, inthieng a tih; chun, Jakob sûnghai chun an rochan chu chang an tih."
"And the house of Jacob shall be a fire, and the house of Joseph a flame, and the house of Esau for stubble, and they shall burn among them, and devour them; and there shall not be any remaining to the house of Esau; for Jehovah hath spoken it.","Jakob sûnghai chu mei nîng an ta, Josef sûnghai chu meichawk nîng an tih. Esau sûnghai chu bupâwl ding nîng an ta, anni lai chun chawk an ta, kâng hmang vawng an tih; Esau sûng- hai chu a mahla hrim um naw ni hai; LALPA chun a ti ta sih a."
"And they of the South shall possess the mount of Esau, and they of the lowland the Philistines; and they shall possess the field of Ephraim, and the field of Samaria; and Benjamin shall possess Gilead.","Simtieng mi chun Esau tlâng chu chang an ta, ram phaia mihai chun Philistin ram chu chang an tih; Ephraim lo le Samari lo chu chang an tih;"
"And the captives of this host of the children of Israel, that are among the Canaanites, shall possess even unto Zarephath; and the captives of Jerusalem, that are in Sepharad, shall possess the cities of the South.","Benjamin chun Gilead ram chang a tih. Kanaan mihai laia hi Israel thla sal intâng mipuihai hin Phoiniki ram Zarephath chenin, chang an tih; Sepharad rama Jerusalem khaw mihai sal intâng chun Simtieng khawpuihai chu chang an tih."
And saviours shall come up on mount Zion to judge the mount of Esau; and the kingdom shall be Jehovah’s.,"Zion tlânga chun Esau tlâng rêlpêk dinga sansuoktuhai hung an ta, chun ram chu LALPA ta nîng a tih."
